<?xml version="1.0" encoding="UTF-8"?>
<project-private xmlns="http://www.netbeans.org/ns/project-private/1">
    <editor-bookmarks xmlns="http://www.netbeans.org/ns/editor-bookmarks/2" lastBookmarkId="0"/>
    <open-files xmlns="http://www.netbeans.org/ns/projectui-open-files/2">
        <group>
            <file>file:/F:/Fatec/GestaoBuffet2/GestaoBuffet2/src/Telas/ConsultarFuncionario.java</file>
            <file>file:/F:/Fatec/GestaoBuffet2/GestaoBuffet2/src/Telas/ConsultarPrato.java</file>
            <file>file:/F:/Fatec/GestaoBuffet2/GestaoBuffet2/src/Telas/IncluirFuncionario.java</file>
            <file>file:/F:/Fatec/GestaoBuffet2/GestaoBuffet2/src/Telas/IncluirPrato.java</file>
            <file>file:/F:/Fatec/GestaoBuffet2/GestaoBuffet2/src/Telas/TelaPrincipal.java</file>
        </group>
    </open-files>
</project-private>
