<?xml version="1.0" encoding="UTF-8"?>
<project-private xmlns="http://www.netbeans.org/ns/project-private/1">
    <editor-bookmarks xmlns="http://www.netbeans.org/ns/editor-bookmarks/2" lastBookmarkId="0"/>
    <open-files xmlns="http://www.netbeans.org/ns/projectui-open-files/2">
        <group>
            <file>file:/F:/Fatec/5%20Semestre/Projeto%20Láb.%20Engenharia%20Software/Buffet_12_02/src/Tela/IncluirFuncionario.java</file>
            <file>file:/F:/Fatec/5%20Semestre/Projeto%20Láb.%20Engenharia%20Software/Buffet_12_02/src/Tela/IncluirPrato.java</file>
            <file>file:/F:/Fatec/5%20Semestre/Projeto%20Láb.%20Engenharia%20Software/Buffet_12_02/src/Tela/IncluirSubcategoria.java</file>
            <file>file:/F:/Fatec/5%20Semestre/Projeto%20Láb.%20Engenharia%20Software/Buffet_12_02/src/Tela/IncluirOrcamento.java</file>
            <file>file:/F:/Fatec/5%20Semestre/Projeto%20Láb.%20Engenharia%20Software/Buffet_12_02/src/Tela/TelaPrincipal.java</file>
            <file>file:/F:/Fatec/5%20Semestre/Projeto%20Láb.%20Engenharia%20Software/Buffet_12_02/src/Tela/IncluirPacote.java</file>
        </group>
    </open-files>
</project-private>
