<?xml version="1.0" encoding="UTF-8"?>
<project-private xmlns="http://www.netbeans.org/ns/project-private/1">
    <editor-bookmarks xmlns="http://www.netbeans.org/ns/editor-bookmarks/2" lastBookmarkId="0"/>
    <open-files xmlns="http://www.netbeans.org/ns/projectui-open-files/2">
        <group>
            <file>file:/C:/Users/gabis/OneDrive/Área%20de%20Trabalho/GestaoBuffet2/src/Telas/ConsultarCliente.java</file>
            <file>file:/C:/Users/gabis/OneDrive/Área%20de%20Trabalho/GestaoBuffet2/src/Telas/IncluirCliente.java</file>
            <file>file:/C:/Users/gabis/OneDrive/Área%20de%20Trabalho/GestaoBuffet2/src/Telas/TelaPrincipal.java</file>
            <file>file:/C:/Users/gabis/OneDrive/Área%20de%20Trabalho/GestaoBuffet2/src/Telas/IncluirOrcamento3.java</file>
        </group>
    </open-files>
</project-private>
